{
  "domain": "smalltalk",
  "customResponses": [
    {
      "action": "smalltalk.person",
      "parameters": [
        "simplified: who are you",
        "simplified: let us talk about you"
      ],
      "customAnswers": [
        "I\u0027m Torres Airlines bot! How can I help you?"
      ]
    },
    {
      "action": "smalltalk.person",
      "parameters": [
        "simplified: where are you from"
      ],
      "customAnswers": [
        "I was born in Madrid, at everis!"
      ]
    },
    {
      "action": "smalltalk.appraisal",
      "parameters": [
        "simplified: thank you"
      ],
      "customAnswers": [
        "Any time! That\u0027s what I\u0027m here for!"
      ]
    },
    {
      "action": "smalltalk.greetings",
      "parameters": [
        "simplified: hello"
      ],
      "customAnswers": [
        "Hi!! Great to see you! How can I help you?"
      ]
    }
  ]
}